Cliente,Produto,Observação
CEIC [161],METROCLIMA [580],
CEIC [161],RONDA PONTO PMPA [588],
DEMHAB [67],CTB/NBCASP [635],
DEMHAB [67],SDO [174],
DMAE [28],Acompanhamento Avaliações [733],
DMAE [28],CTB/NBCASP [635],
DMAE [28],CUBO ARR DIÁRIO [718],
DMAE [28],FALA PORTO ALEGRE [396],
DMAE [28],Intranet 156 [232],
DMAE [28],Intranets PMPA [452],
DMAE [28],SCA [219],
DMAE [28],SEM PRODUTO [713],
DMAE [28],Site 156 [551],
DMLU [31],CTB/NBCASP [635],
EGLRF [157],CAUGE [352],
EGLRF [157],CAUGE WEB [663],
EGLRF [157],IMAGED [626],
EGLRF [157],ORQUESTRA [579],
EPTC [26],CBO [7],
EPTC [26],STPoa [374],
EPTC [26],STPOA [374],
FASC [34],SIAS [358],
HPS [54],SIHO [293],
PMPA [60],PROWEB [424],
PROCEMPA [3],CDL [190],
PROCEMPA [3],GENESIS [597],
PROCEMPA [3],GEOSMF [629],
PROCEMPA [3],GUARDIÃO [282],
PROCEMPA [3],IMAGED [626],
PROCEMPA [3],Inventário PROCEMPA [338],
PROCEMPA [3],ORQUESTRA [579],
PROCEMPA [3],Pardal [406],
PROCEMPA [3],Porto Alegre Livre [685],
PROCEMPA [3],PROWEB [424],
PROCEMPA [3],RAMAL [281],
PROCEMPA [3],RONDA PONTO PMPA [588],
SEDA [139],SAVE [640],
SMA [18],ERGON [65],
SMA [18],ISM [585],
SMA [18],PROCONSIG [283],
SMA [18],RONDA PONTO PMPA [588],
SMA [18],SEI [563],
SMACIS [170],SIAS [358],
SMC [19],PERGAMUM [325],
SMED [14],SIE [73],
SMF [6],BEN [694],
SMF [6],Conta Única [723],
SMF [6],CTB [144],
SMF [6],CTB/NBCASP [635],
SMF [6],DECWEB [722],
SMF [6],GEOSMF [629],
SMF [6],IMAGED [626],
SMF [6],ISSQNDec [164],
SMF [6],JUC [413],
SMF [6],LIC [166],
SMF [6],NFS-e [645],"nfe, nfse"
SMF [6],PROCEMPASIAT [676],
SMF [6],REFIS-PROCEMPASIAT [709],
SMF [6],SDO [174],
SMF [6],SERASA-PROCEMPASIAT [674],
SMF [6],SIAT [405],
SMF [6],SRP [181],
SMGL [12],PlenariasOP [570],
SMPEO [160],SPO [180],
SMS [16],ACH [2],
SMS [16],DIS [21],
SMS [16],DST [22],
SMS [16],ESUS [657],
SMS [16],GERCON [15],
SMS [16],GERINT [18],
SMS [16],SIHO [293],
SMURB [158],Agendamento PMPA [673],
SMURB [158],ORQUESTRA [579],
